ILUC,1249989.825,1015874.374,872.219,ILUC
OB_0,1236809.016,1019327.197,707.701,
OB_1,1236822.427,1019327.313,707.754,
OB_2,1236836.529,1019327.528,707.933,
OB_3,1236849.906,1019327.549,707.790,
OB_4,1236863.248,1019327.425,707.707,
OB_5,1236877.499,1019327.416,707.626,
OB_6,1236892.154,1019327.324,707.448,
OB_7,1236907.043,1019327.462,707.474,
OB_8,1236921.807,1019327.336,707.466,
OB_9,1236936.415,1019327.568,707.550,
OB_10,1236951.580,1019327.406,707.297,
OB_11,1236967.098,1019327.217,707.214,
OB_12,1236981.170,1019327.176,707.301,
OB_13,1236996.420,1019327.237,707.342,
OB_14,1237010.922,1019327.300,707.370,
OB_15,1237025.794,1019327.207,707.420,
OB_16,1237043.318,1019327.224,707.409,
OB_17,1237044.423,1019342.101,707.574,
OB_18,1237044.564,1019356.991,707.763,
OB_19,1237044.395,1019371.765,707.977,
OB_20,1237044.578,1019387.384,708.138,
OB_21,1237044.551,1019403.132,708.292,
OB_22,1237044.827,1019418.838,708.355,
OB_23,1237044.826,1019434.514,708.595,
OB_24,1237044.712,1019449.761,708.928,
OB_25,1237045.292,1019465.089,709.186,
OB_26,1237045.083,1019480.244,709.437,
OB_27,1237044.145,1019495.047,709.768,
OB_28,1237043.636,1019510.191,709.936,
OB_29,1237043.698,1019524.874,709.904,
OB_30,1237043.852,1019540.159,709.778,
OB_31,1237044.223,1019554.882,709.627,
OB_32,1237044.548,1019570.352,709.397,
OB_33,1237044.411,1019585.771,709.138,
OB_34,1237044.596,1019600.616,709.131,
OB_35,1237044.772,1019615.612,708.867,
OB_36,1237045.491,1019631.879,708.701,
OB_37,1237046.344,1019647.977,708.728,
OB_38,1237046.291,1019663.403,708.723,
OB_39,1237046.154,1019678.973,708.671,
OB_40,1237046.282,1019694.577,708.677,
OB_41,1237046.293,1019709.269,708.675,
OB_42,1237046.141,1019724.438,708.734,
OB_43,1237046.374,1019739.610,708.728,
OB_44,1237046.449,1019754.718,708.749,
OB_45,1237046.076,1019769.743,708.821,
OB_46,1237045.710,1019785.307,708.868,
OB_47,1237045.810,1019800.279,709.048,
OB_48,1237045.168,1019815.854,709.180,
OB_49,1237045.013,1019830.833,709.325,
OB_50,1237044.831,1019846.017,709.395,
OB_51,1237044.298,1019860.525,709.517,
OB_52,1237043.219,1019873.672,709.532,
OB_53,1237027.381,1019873.414,709.535,
OB_54,1237011.880,1019874.381,709.469,
OB_55,1236997.743,1019874.598,709.394,
OB_56,1236983.027,1019874.198,709.198,
OB_57,1236967.099,1019874.069,709.182,
OB_58,1236951.923,1019873.734,709.063,
OB_59,1236935.659,1019873.273,709.117,
OB_60,1236920.042,1019873.255,709.135,
OB_61,1236904.349,1019872.709,709.093,
OB_62,1236887.007,1019873.138,709.140,
OB_63,1236869.124,1019873.174,709.172,
OB_64,1236851.276,1019871.917,709.601,
OB_65,1236836.062,1019871.893,709.638,
OB_66,1236819.411,1019871.806,709.653,
OB_67,1236804.514,1019872.360,709.677,
OB_68,1236788.575,1019872.455,709.827,
OB_69,1236772.121,1019872.290,710.042,
OB_70,1236757.212,1019872.139,710.419,
OB_71,1236741.602,1019872.168,710.492,
OB_72,1236726.096,1019871.976,710.598,
OB_73,1236710.552,1019872.755,710.572,
OB_74,1236693.786,1019873.347,710.473,
OB_75,1236677.591,1019873.312,710.488,
OB_76,1236661.186,1019873.522,710.199,
OB_77,1236645.000,1019872.291,710.084,
OB_78,1236628.916,1019872.262,709.952,
OB_79,1236613.816,1019871.507,709.814,
OB_80,1236596.591,1019871.240,709.459,
OB_81,1236581.727,1019870.927,709.134,
OB_82,1236563.845,1019870.562,708.962,
OB_83,1236547.733,1019870.186,708.899,
OB_84,1236532.350,1019870.879,708.952,
OB_85,1236524.022,1019870.164,708.915,
OB_86,1236523.218,1019854.809,708.842,
OB_87,1236523.325,1019839.189,708.717,
OB_88,1236523.525,1019824.079,708.661,
OB_89,1236524.301,1019807.455,708.651,
OB_90,1236524.822,1019790.975,708.686,
OB_91,1236525.180,1019775.086,708.769,
OB_92,1236525.594,1019760.112,708.830,
OB_93,1236525.965,1019744.744,708.923,
OB_94,1236526.037,1019728.486,709.124,
OB_95,1236526.453,1019712.922,709.357,
OB_96,1236526.513,1019697.375,709.575,
OB_97,1236526.240,1019682.038,709.812,
OB_98,1236526.560,1019666.162,709.848,
OB_99,1236526.505,1019651.263,709.930,
OB_100,1236526.023,1019634.822,710.065,
OB_101,1236525.637,1019619.126,709.851,
OB_102,1236526.313,1019602.251,709.674,
OB_103,1236525.808,1019586.653,709.380,
OB_104,1236525.896,1019570.184,709.419,
OB_105,1236525.680,1019554.153,709.342,
OB_106,1236525.620,1019538.719,709.208,
OB_107,1236525.332,1019522.710,709.217,
OB_108,1236525.053,1019506.770,709.153,
OB_109,1236524.929,1019491.723,709.105,
OB_110,1236525.279,1019476.357,709.100,
OB_111,1236525.215,1019460.370,709.084,
OB_112,1236524.867,1019444.827,709.115,
OB_113,1236524.888,1019429.378,709.156,
OB_114,1236524.856,1019413.311,709.144,
OB_115,1236524.731,1019397.082,709.201,
OB_116,1236524.775,1019381.509,709.191,
OB_117,1236525.124,1019366.288,709.165,
OB_118,1236525.508,1019350.478,709.075,
OB_119,1236525.158,1019334.509,708.930,
OB_120,1236525.234,1019328.113,708.868,
OB_121,1236540.810,1019327.971,709.044,
OB_122,1236556.647,1019328.081,709.089,
OB_123,1236572.764,1019328.048,709.044,
OB_124,1236589.152,1019328.048,709.063,
OB_125,1236604.881,1019328.208,709.099,
OB_126,1236621.722,1019328.285,709.317,
OB_127,1236637.084,1019328.699,709.340,
OB_128,1236652.488,1019328.703,709.173,
OB_129,1236667.560,1019328.209,709.051,
OB_130,1236683.212,1019328.453,708.837,
OB_131,1236699.116,1019328.426,708.502,
OB_132,1236715.109,1019328.364,708.267,
OB_133,1236731.123,1019328.122,708.144,
OB_134,1236746.866,1019327.869,707.987,
OB_135,1236763.255,1019327.634,707.964,
OB_136,1236780.559,1019327.530,707.718,
OB_137,1236796.099,1019327.375,707.738,
OB_138,1236808.749,1019312.070,707.480,
OB_139,1236823.930,1019311.749,707.487,
OB_140,1236839.134,1019311.576,707.582,
OB_141,1236854.524,1019311.546,707.585,
OB_142,1236870.826,1019311.062,707.332,
OB_143,1236887.077,1019311.004,707.200,
OB_144,1236902.946,1019311.110,707.211,
OB_145,1236917.710,1019311.354,707.215,
OB_146,1236933.039,1019310.845,707.157,
OB_147,1236948.175,1019310.947,707.085,
OB_148,1236963.419,1019310.413,707.018,
OB_149,1236978.807,1019310.201,707.088,
OB_150,1236994.346,1019309.932,707.082,
OB_151,1237010.283,1019309.960,707.084,
OB_152,1237026.545,1019309.861,707.179,
OB_153,1237042.106,1019309.472,707.126,
OB_154,1237058.167,1019309.585,707.202,
OB_155,1237058.682,1019325.357,707.332,
OB_156,1237058.701,1019340.843,707.522,
OB_157,1237059.058,1019356.458,707.710,
OB_158,1237059.543,1019372.290,707.853,
OB_159,1237060.037,1019387.197,708.019,
OB_160,1237060.475,1019402.272,708.169,
OB_161,1237060.986,1019417.381,708.309,
OB_162,1237061.202,1019432.422,708.530,
OB_163,1237061.411,1019447.364,708.862,
OB_164,1237061.733,1019462.463,709.082,
OB_165,1237061.499,1019477.730,709.460,
OB_166,1237061.914,1019493.474,709.710,
OB_167,1237061.668,1019508.526,709.887,
OB_168,1237062.195,1019524.512,709.927,
OB_169,1237061.871,1019540.110,709.729,
OB_170,1237061.378,1019555.027,709.555,
OB_171,1237061.621,1019570.171,709.328,
OB_172,1237061.442,1019585.159,709.009,
OB_173,1237061.226,1019600.816,708.955,
OB_174,1237061.038,1019615.425,708.737,
OB_175,1237061.294,1019630.163,708.570,
OB_176,1237061.140,1019644.844,708.624,
OB_177,1237061.141,1019660.263,708.640,
OB_178,1237061.063,1019676.230,708.638,
OB_179,1237061.209,1019691.942,708.643,
OB_180,1237061.294,1019707.794,708.669,
OB_181,1237061.267,1019723.412,708.662,
OB_182,1237061.432,1019739.043,708.761,
OB_183,1237061.238,1019753.922,708.771,
OB_184,1237061.387,1019769.320,708.950,
OB_185,1237061.447,1019785.228,708.945,
OB_186,1237062.050,1019800.979,709.074,
OB_187,1237062.160,1019816.557,709.143,
OB_188,1237062.119,1019832.384,709.291,
OB_189,1237061.929,1019847.690,709.339,
OB_190,1237062.084,1019862.942,709.419,
OB_191,1237060.870,1019872.735,709.466,
OB_192,1237059.327,1019888.570,709.567,
OB_193,1237043.935,1019888.268,709.724,
OB_194,1237026.807,1019887.879,709.553,
OB_195,1237011.939,1019887.019,709.514,
OB_196,1236996.067,1019886.372,709.333,
OB_197,1236980.969,1019885.736,709.188,
OB_198,1236965.757,1019885.283,708.918,
OB_199,1236950.294,1019884.690,708.957,
OB_200,1236934.203,1019883.593,709.005,
OB_201,1236918.134,1019882.965,709.181,
OB_202,1236902.969,1019882.191,709.116,
OB_203,1236886.567,1019881.401,709.189,
OB_204,1236870.883,1019881.266,709.197,
OB_205,1236855.219,1019880.782,709.408,
OB_206,1236837.929,1019880.523,709.499,
OB_207,1236822.229,1019880.266,709.661,
OB_208,1236806.968,1019880.011,709.800,
OB_209,1236790.597,1019880.193,709.878,
OB_210,1236774.268,1019879.855,709.962,
OB_211,1236757.330,1019879.260,710.230,
OB_212,1236742.650,1019878.790,710.551,
OB_213,1236726.481,1019878.508,710.726,
OB_214,1236710.091,1019878.275,710.645,
OB_215,1236695.373,1019877.639,710.508,
OB_216,1236679.732,1019877.491,710.534,
OB_217,1236662.701,1019876.997,710.312,
OB_218,1236645.561,1019876.601,710.096,
OB_219,1236630.294,1019876.370,709.956,
OB_220,1236614.694,1019876.133,709.757,
OB_221,1236597.471,1019876.169,709.373,
OB_222,1236580.611,1019876.308,709.243,
OB_223,1236565.494,1019875.611,708.983,
OB_224,1236549.796,1019876.076,709.014,
OB_225,1236534.547,1019876.563,708.880,
OB_226,1236523.457,1019876.491,708.872,
OB_227,1236507.250,1019876.093,708.870,
OB_228,1236507.161,1019859.525,708.808,
OB_229,1236507.246,1019843.748,708.676,
OB_230,1236507.498,1019827.781,708.633,
OB_231,1236507.685,1019812.077,708.737,
OB_232,1236507.876,1019796.030,708.710,
OB_233,1236508.257,1019780.960,708.789,
OB_234,1236508.309,1019766.029,708.916,
OB_235,1236508.517,1019751.176,708.960,
OB_236,1236508.727,1019736.509,709.064,
OB_237,1236508.966,1019721.217,709.264,
OB_238,1236509.472,1019706.224,709.524,
OB_239,1236509.733,1019690.837,709.726,
OB_240,1236510.063,1019675.548,709.907,
OB_241,1236510.148,1019660.244,709.996,
OB_242,1236510.811,1019645.052,710.058,
OB_243,1236511.603,1019629.275,710.129,
OB_244,1236512.190,1019613.111,710.124,
OB_245,1236512.416,1019597.728,709.884,
OB_246,1236512.740,1019581.849,709.630,
OB_247,1236512.809,1019566.652,709.484,
OB_248,1236513.179,1019550.650,709.504,
OB_249,1236513.257,1019534.655,709.299,
OB_250,1236513.407,1019518.812,709.239,
OB_251,1236513.621,1019503.276,709.271,
OB_252,1236513.896,1019487.709,709.192,
OB_253,1236514.120,1019472.153,709.093,
OB_254,1236514.389,1019456.806,709.170,
OB_255,1236514.799,1019441.476,709.160,
OB_256,1236514.899,1019425.892,709.165,
OB_257,1236515.381,1019410.439,709.254,
OB_258,1236515.780,1019395.247,709.339,
OB_259,1236516.118,1019379.038,709.297,
OB_260,1236516.470,1019363.948,709.165,
OB_261,1236516.807,1019348.070,709.101,
OB_262,1236516.894,1019334.671,709.038,
OB_263,1236517.246,1019323.554,708.872,
OB_264,1236518.472,1019310.751,708.625,
OB_265,1236533.535,1019310.573,708.657,
OB_266,1236547.576,1019311.007,708.752,
OB_267,1236562.995,1019311.042,708.770,
OB_268,1236577.353,1019311.813,708.745,
OB_269,1236592.867,1019312.190,708.747,
OB_270,1236607.667,1019312.307,708.872,
OB_271,1236622.800,1019312.340,708.944,
OB_272,1236637.957,1019312.267,709.078,
OB_273,1236653.437,1019312.388,708.809,
OB_274,1236668.457,1019312.280,708.647,
OB_275,1236683.251,1019312.292,708.660,
OB_276,1236698.270,1019312.480,708.355,
OB_277,1236713.074,1019312.190,708.206,
OB_278,1236727.791,1019312.003,707.997,
OB_279,1236743.638,1019311.906,707.814,
OB_280,1236759.285,1019311.741,707.714,
OB_281,1236773.668,1019311.827,707.668,
OB_282,1236788.920,1019311.731,707.537,
OB_283,1236803.187,1019312.019,707.417,
NE_0,1236784.703,1019623.592,710.089,
NE_1,1236784.845,1019643.222,709.705,
NE_2,1236784.716,1019661.436,709.720,
NE_3,1236785.130,1019679.654,709.566,
NE_4,1236785.106,1019697.582,709.170,
NE_5,1236783.868,1019716.540,709.162,
NE_6,1236784.008,1019735.087,709.181,
NE_7,1236784.036,1019752.941,709.149,
NE_8,1236782.998,1019769.928,709.062,
NE_9,1236782.591,1019789.010,709.043,
NE_10,1236782.236,1019807.846,709.368,
NE_11,1236782.131,1019826.612,709.512,
NE_12,1236782.262,1019845.363,709.779,
NE_13,1236781.858,1019863.512,709.897,
NE_14,1236798.969,1019862.754,709.740,
NE_15,1236799.524,1019843.466,709.562,
NE_16,1236800.046,1019824.554,709.554,
NE_17,1236800.366,1019805.133,709.263,
NE_18,1236800.638,1019786.392,709.107,
NE_19,1236800.697,1019768.125,708.955,
NE_20,1236800.457,1019750.643,709.008,
NE_21,1236801.085,1019732.374,709.095,
NE_22,1236800.858,1019713.829,709.202,
NE_23,1236800.537,1019695.515,709.352,
NE_24,1236800.449,1019676.556,709.478,
NE_25,1236800.345,1019657.577,709.541,
NE_26,1236800.452,1019639.894,709.631,
NE_27,1236800.531,1019625.017,709.866,
NE_28,1236817.094,1019625.149,709.795,
NE_29,1236817.230,1019642.205,709.685,
NE_30,1236817.209,1019660.527,709.486,
NE_31,1236817.784,1019679.707,709.457,
NE_32,1236817.485,1019697.848,709.293,
NE_33,1236818.014,1019717.340,709.146,
NE_34,1236818.295,1019736.217,709.194,
NE_35,1236818.522,1019754.999,709.101,
NE_36,1236818.156,1019772.280,709.056,
NE_37,1236818.325,1019789.793,709.182,
NE_38,1236818.644,1019808.581,709.332,
NE_39,1236819.181,1019827.118,709.369,
NE_40,1236819.563,1019845.334,709.391,
NE_41,1236819.316,1019863.876,709.541,
NE_42,1236837.609,1019863.901,709.707,
NE_43,1236838.317,1019846.320,709.622,
NE_44,1236838.607,1019828.048,709.578,
NE_45,1236838.400,1019808.655,709.456,
NE_46,1236838.013,1019789.617,709.296,
NE_47,1236837.866,1019770.746,709.213,
NE_48,1236837.062,1019750.387,709.170,
NE_49,1236837.369,1019732.029,709.332,
NE_50,1236837.586,1019712.316,709.426,
NE_51,1236837.535,1019693.208,709.569,
NE_52,1236837.608,1019674.137,709.706,
NE_53,1236837.625,1019655.456,709.868,
NE_54,1236837.415,1019636.175,709.922,
NE_55,1236837.780,1019624.792,709.805,
NE_56,1236854.576,1019625.552,709.876,
NE_57,1236854.924,1019644.383,709.686,
NE_58,1236855.459,1019662.382,709.608,
NE_59,1236855.143,1019681.121,709.473,
NE_60,1236855.345,1019681.281,709.476,
NE_61,1236855.551,1019699.185,709.433,
NE_62,1236855.187,1019718.001,709.269,
NE_63,1236855.227,1019736.610,709.185,
NE_64,1236854.725,1019755.986,709.226,
NE_65,1236854.993,1019774.972,709.218,
NE_66,1236854.374,1019794.258,709.210,
NE_67,1236854.194,1019812.041,709.293,
NE_68,1236855.070,1019826.463,709.473,
NE_69,1236855.556,1019841.438,709.541,
NE_70,1236855.438,1019855.343,709.521,
NE_71,1236855.835,1019866.446,709.484,
NE_72,1236869.580,1019866.380,709.280,
NE_73,1236870.093,1019850.846,709.239,
NE_74,1236870.012,1019835.134,709.301,
NE_75,1236869.936,1019818.923,709.266,
NE_76,1236869.946,1019802.969,709.121,
NE_77,1236870.015,1019787.284,709.056,
NE_78,1236869.959,1019770.251,709.127,
NE_79,1236870.196,1019755.255,709.193,
NE_80,1236870.352,1019739.354,709.209,
NE_81,1236869.896,1019723.912,709.247,
NE_82,1236870.218,1019707.316,709.318,
NE_83,1236869.818,1019690.847,709.211,
NE_84,1236869.519,1019675.519,709.485,
NE_85,1236869.679,1019660.247,709.528,
NE_86,1236869.717,1019644.852,709.577,
NE_87,1236869.815,1019624.273,709.756,
NE_88,1236884.937,1019624.188,709.766,
NE_89,1236885.081,1019639.213,709.610,
NE_90,1236884.739,1019654.141,709.373,
NE_91,1236884.186,1019668.389,709.309,
NE_92,1236884.122,1019683.713,709.183,
NE_93,1236883.802,1019698.391,709.207,
NE_94,1236883.428,1019713.449,709.189,
NE_95,1236883.351,1019728.009,709.076,
NE_96,1236883.715,1019742.792,708.973,
NE_97,1236883.961,1019757.585,709.117,
NE_98,1236883.892,1019772.567,709.141,
NE_99,1236883.901,1019788.105,709.022,
NE_100,1236883.637,1019803.518,709.003,
NE_101,1236883.474,1019818.133,709.116,
NE_102,1236883.256,1019832.240,709.125,
NE_103,1236883.366,1019847.578,709.149,
NE_104,1236883.482,1019866.349,709.129,
NE_105,1236899.125,1019865.863,708.994,
NE_106,1236899.286,1019849.540,709.094,
NE_107,1236899.368,1019833.561,709.110,
NE_108,1236899.372,1019817.954,709.126,
NE_109,1236899.777,1019802.180,709.119,
NE_110,1236900.097,1019786.160,709.131,
NE_111,1236900.665,1019770.559,709.052,
NE_112,1236901.460,1019756.088,709.025,
NE_113,1236902.050,1019741.229,709.083,
NE_114,1236902.530,1019725.957,709.073,
NE_115,1236902.628,1019710.645,709.127,
NE_116,1236902.837,1019695.638,709.188,
NE_117,1236903.281,1019680.352,709.312,
NE_118,1236903.181,1019664.801,709.366,
NE_119,1236902.956,1019650.179,709.446,
NE_120,1236903.393,1019634.656,709.443,
NE_121,1236903.306,1019624.408,709.551,
NE_122,1236918.049,1019625.244,709.478,
NE_123,1236917.675,1019641.599,709.365,
NE_124,1236917.438,1019657.247,709.294,
NE_125,1236917.519,1019672.560,709.245,
NE_126,1236917.228,1019688.523,709.199,
NE_127,1236917.298,1019704.123,709.119,
NE_128,1236916.641,1019721.249,709.070,
NE_129,1236916.885,1019738.633,708.957,
NE_130,1236916.148,1019756.655,708.941,
NE_131,1236916.889,1019774.176,708.923,
NE_132,1236916.757,1019792.201,708.878,
NE_133,1236917.504,1019809.478,708.918,
NE_134,1236917.935,1019827.443,709.017,
NE_135,1236918.365,1019844.147,708.888,
NE_136,1236918.266,1019863.805,708.969,
NE_137,1236936.708,1019863.800,708.954,
NE_138,1236937.556,1019846.929,708.826,
NE_139,1236937.830,1019829.723,708.902,
NE_140,1236938.662,1019812.012,708.952,
NE_141,1236938.126,1019794.844,708.902,
NE_142,1236937.888,1019777.313,708.975,
NE_143,1236938.054,1019759.251,709.022,
NE_144,1236938.048,1019741.935,709.114,
NE_145,1236938.472,1019723.766,709.117,
NE_146,1236938.823,1019705.794,709.223,
NE_147,1236938.060,1019688.079,709.253,
NE_148,1236937.996,1019671.081,709.332,
NE_149,1236938.242,1019653.391,709.356,
NE_150,1236938.397,1019636.984,709.415,
NE_151,1236938.297,1019624.179,709.526,
NE_152,1236955.710,1019625.082,709.186,
NE_153,1236956.685,1019643.361,709.245,
NE_154,1236957.427,1019661.405,709.180,
NE_155,1236957.314,1019678.785,709.101,
NE_156,1236957.206,1019695.248,709.021,
NE_157,1236957.831,1019711.822,708.914,
NE_158,1236957.661,1019728.533,708.944,
NE_159,1236957.728,1019745.796,708.893,
NE_160,1236957.770,1019763.773,708.826,
NE_161,1236958.422,1019782.221,708.806,
NE_162,1236959.007,1019799.654,708.860,
NE_163,1236959.811,1019816.626,708.820,
NE_164,1236960.551,1019833.266,708.862,
NE_165,1236961.494,1019850.635,708.731,
NE_166,1236962.643,1019864.074,709.002,
NE_167,1236976.882,1019863.016,709.040,
NE_168,1236977.985,1019847.645,708.934,
NE_169,1236978.137,1019831.782,708.799,
NE_170,1236978.073,1019815.698,708.807,
NE_171,1236977.544,1019799.469,708.702,
NE_172,1236977.476,1019782.907,708.781,
NE_173,1236977.489,1019765.650,708.664,
NE_174,1236977.304,1019749.046,708.708,
NE_175,1236977.104,1019732.758,708.780,
NE_176,1236977.336,1019714.862,708.842,
NE_177,1236977.806,1019697.499,708.898,
NE_178,1236978.177,1019679.148,708.947,
NE_179,1236978.246,1019662.283,708.989,
NE_180,1236978.480,1019645.256,709.191,
NE_181,1236977.993,1019624.189,708.894,
NE_182,1236994.389,1019624.692,708.822,
NE_183,1236995.403,1019640.449,708.819,
NE_184,1236996.087,1019657.418,708.859,
NE_185,1236996.107,1019674.573,708.911,
NE_186,1236995.981,1019691.745,708.848,
NE_187,1236995.585,1019710.012,708.784,
NE_188,1236995.507,1019727.797,708.766,
NE_189,1236995.463,1019744.574,708.722,
NE_190,1236995.068,1019761.166,708.685,
NE_191,1236994.829,1019778.387,708.739,
NE_192,1236994.493,1019796.255,708.831,
NE_193,1236994.341,1019813.713,708.812,
NE_194,1236994.453,1019828.862,708.911,
NE_195,1236994.364,1019846.116,709.022,
NE_196,1236994.805,1019864.201,709.174,
NE_197,1237010.769,1019863.428,709.176,
NE_198,1237011.480,1019846.284,709.160,
NE_199,1237012.019,1019829.797,709.055,
NE_200,1237012.336,1019813.127,708.888,
NE_201,1237011.994,1019797.782,708.783,
NE_202,1237011.569,1019783.732,708.696,
NE_203,1237011.712,1019768.812,708.677,
NE_204,1237011.886,1019753.832,708.639,
NE_205,1237011.682,1019739.296,708.677,
NE_206,1237011.252,1019727.205,708.707,
NE_207,1237010.663,1019712.354,708.728,
NE_208,1237011.123,1019697.450,708.780,
NE_209,1237011.018,1019681.454,708.940,
NE_210,1237011.157,1019666.503,708.894,
NE_211,1237011.119,1019652.147,708.849,
NE_212,1237010.741,1019636.595,708.784,
NE_213,1237010.320,1019622.071,708.995,
NE_214,1237024.358,1019622.368,708.882,
NE_215,1237024.402,1019637.781,708.784,
NE_216,1237024.393,1019653.261,708.764,
NE_217,1237024.060,1019668.216,708.806,
NE_218,1237024.323,1019684.123,708.720,
NE_219,1237024.172,1019699.366,708.691,
NE_220,1237024.524,1019714.245,708.642,
NE_221,1237023.873,1019729.509,708.636,
NE_222,1237023.539,1019744.324,708.617,
NE_223,1237023.237,1019758.641,708.636,
NE_224,1237022.995,1019773.949,708.685,
NE_225,1237022.465,1019788.604,708.757,
NE_226,1237022.182,1019803.261,708.882,
NE_227,1237022.338,1019817.935,709.085,
NE_228,1237022.264,1019832.372,709.170,
NE_229,1237022.384,1019847.125,709.276,
NE_230,1237022.099,1019866.232,709.404,
NE_231,1237037.993,1019865.748,709.708,
NE_232,1237039.084,1019851.177,709.464,
NE_233,1237039.375,1019835.827,709.348,
NE_234,1237039.118,1019821.872,709.126,
NE_235,1237039.403,1019807.164,708.962,
NE_236,1237039.101,1019792.875,708.900,
NE_237,1237039.270,1019778.473,708.797,
NE_238,1237039.399,1019763.626,708.696,
NE_239,1237039.122,1019748.434,708.717,
NE_240,1237039.286,1019734.390,708.648,
NE_241,1237039.135,1019718.917,708.679,
NE_242,1237038.954,1019702.840,708.654,
NE_243,1237038.643,1019688.127,708.742,
NE_244,1237038.651,1019674.065,708.716,
NE_245,1237038.511,1019659.020,708.747,
NE_246,1237038.575,1019643.385,708.738,
NE_247,1237038.536,1019629.860,708.806,
NE_248,1237037.932,1019623.101,708.870,
NW_0,1237036.739,1019334.968,707.538,
NW_1,1237038.471,1019353.662,707.678,
NW_2,1237038.430,1019370.628,707.904,
NW_3,1237038.474,1019391.671,708.093,
NW_4,1237038.316,1019409.791,708.289,
NW_5,1237038.120,1019428.407,708.547,
NW_6,1237038.495,1019448.054,708.946,
NW_7,1237038.246,1019467.506,709.272,
NW_8,1237038.298,1019486.651,709.591,
NW_9,1237038.372,1019505.755,709.871,
NW_10,1237038.148,1019524.640,709.885,
NW_11,1237038.454,1019543.753,709.818,
NW_12,1237038.261,1019563.243,709.561,
NW_13,1237038.182,1019583.073,709.115,
NW_14,1237037.477,1019596.092,709.183,
NW_15,1237022.636,1019596.010,709.097,
NW_16,1237021.947,1019575.514,709.313,
NW_17,1237022.125,1019556.922,709.543,
NW_18,1237022.272,1019538.538,709.752,
NW_19,1237022.591,1019519.480,709.891,
NW_20,1237022.587,1019500.520,709.759,
NW_21,1237022.492,1019481.037,709.428,
NW_22,1237022.133,1019461.946,709.053,
NW_23,1237022.388,1019442.875,708.704,
NW_24,1237022.424,1019424.554,708.445,
NW_25,1237022.380,1019405.381,708.196,
NW_26,1237022.238,1019385.849,707.961,
NW_27,1237023.013,1019365.534,707.727,
NW_28,1237022.208,1019346.624,707.445,
NW_29,1237022.569,1019332.876,707.482,
NW_30,1237010.244,1019333.106,707.424,
NW_31,1237009.676,1019351.186,707.440,
NW_32,1237009.504,1019370.833,707.738,
NW_33,1237009.866,1019385.330,707.879,
NW_34,1237009.777,1019401.031,708.008,
NW_35,1237009.772,1019415.544,708.200,
NW_36,1237009.886,1019432.978,708.528,
NW_37,1237009.781,1019453.358,708.907,
NW_38,1237009.814,1019472.714,709.272,
NW_39,1237009.707,1019491.876,709.651,
NW_40,1237009.967,1019510.629,709.906,
NW_41,1237009.959,1019529.846,709.816,
NW_42,1237009.935,1019548.353,709.702,
NW_43,1237009.864,1019568.132,709.517,
NW_44,1237010.090,1019595.320,709.168,
NW_45,1236997.790,1019595.440,709.232,
NW_46,1236997.548,1019574.947,709.536,
NW_47,1236997.781,1019554.772,709.803,
NW_48,1236997.571,1019535.908,710.002,
NW_49,1236997.599,1019516.245,710.047,
NW_50,1236997.553,1019495.295,709.845,
NW_51,1236997.415,1019475.416,709.469,
NW_52,1236997.296,1019456.401,709.074,
NW_53,1236997.526,1019436.563,708.699,
NW_54,1236997.363,1019417.377,708.317,
NW_55,1236997.260,1019399.745,708.089,
NW_56,1236997.072,1019382.624,707.859,
NW_57,1236996.952,1019363.910,707.663,
NW_58,1236996.521,1019333.568,707.316,
NW_59,1236984.471,1019334.037,707.301,
NW_60,1236984.403,1019355.407,707.631,
NW_61,1236984.474,1019374.518,707.702,
NW_62,1236984.711,1019389.701,708.123,
NW_63,1236984.623,1019406.809,708.241,
NW_64,1236984.821,1019425.506,708.713,
NW_65,1236984.750,1019443.416,708.953,
NW_66,1236984.570,1019461.134,709.260,
NW_67,1236984.684,1019479.755,709.624,
NW_68,1236984.609,1019499.232,709.964,
NW_69,1236984.587,1019519.123,710.142,
NW_70,1236984.814,1019538.920,710.117,
NW_71,1236984.582,1019559.305,709.879,
NW_72,1236985.404,1019576.273,709.591,
NW_73,1236985.620,1019596.014,709.400,
NW_74,1236972.674,1019595.780,709.518,
NW_75,1236972.642,1019579.863,709.700,
NW_76,1236972.838,1019558.922,710.039,
NW_77,1236972.545,1019538.700,710.243,
NW_78,1236972.360,1019520.658,710.343,
NW_79,1236972.225,1019501.153,710.188,
NW_80,1236972.294,1019480.911,709.822,
NW_81,1236972.416,1019460.315,709.281,
NW_82,1236972.171,1019438.919,708.894,
NW_83,1236972.078,1019419.000,708.510,
NW_84,1236972.260,1019398.779,708.211,
NW_85,1236972.176,1019380.346,707.961,
NW_86,1236971.852,1019360.558,707.678,
NW_87,1236970.925,1019333.614,707.358,
NW_88,1236959.123,1019333.533,707.421,
NW_89,1236959.021,1019351.318,707.598,
NW_90,1236959.428,1019371.488,707.782,
NW_91,1236959.554,1019390.673,708.050,
NW_92,1236959.751,1019410.955,708.391,
NW_93,1236959.815,1019431.137,708.669,
NW_94,1236959.678,1019450.981,709.139,
NW_95,1236959.849,1019470.477,709.549,
NW_96,1236959.786,1019489.858,710.045,
NW_97,1236959.892,1019509.425,710.367,
NW_98,1236959.926,1019529.287,710.420,
NW_99,1236959.924,1019549.810,710.323,
NW_100,1236960.621,1019575.874,709.979,
NW_101,1236960.891,1019596.156,709.827,
NW_102,1236947.173,1019596.156,709.975,
NW_103,1236947.287,1019578.456,710.047,
NW_104,1236947.237,1019557.367,710.364,
NW_105,1236947.339,1019535.816,710.597,
NW_106,1236947.307,1019515.908,710.582,
NW_107,1236947.351,1019496.294,710.286,
NW_108,1236947.325,1019475.692,709.834,
NW_109,1236947.359,1019454.530,709.343,
NW_110,1236947.210,1019434.282,708.946,
NW_111,1236947.193,1019414.617,708.571,
NW_112,1236946.995,1019394.114,708.201,
NW_113,1236946.799,1019374.642,707.868,
NW_114,1236946.538,1019354.383,707.693,
NW_115,1236945.913,1019333.472,707.413,
NW_116,1236935.103,1019333.862,707.482,
NW_117,1236934.465,1019351.836,707.782,
NW_118,1236934.584,1019366.068,707.863,
NW_119,1236934.461,1019386.641,708.208,
NW_120,1236934.637,1019404.852,708.508,
NW_121,1236934.936,1019423.337,708.858,
NW_122,1236934.850,1019442.590,709.279,
NW_123,1236934.749,1019461.220,709.644,
NW_124,1236934.828,1019481.089,709.928,
NW_125,1236934.796,1019500.583,710.503,
NW_126,1236934.609,1019520.677,710.876,
NW_127,1236934.684,1019539.840,710.709,
NW_128,1236934.643,1019559.059,710.516,
NW_129,1236935.182,1019578.275,710.319,
NW_130,1236935.147,1019596.421,710.061,
NW_131,1236922.094,1019595.727,710.189,
NW_132,1236922.506,1019579.915,710.336,
NW_133,1236922.521,1019559.113,710.662,
NW_134,1236922.673,1019538.973,710.800,
NW_135,1236922.483,1019518.295,710.751,
NW_136,1236922.406,1019497.903,710.446,
NW_137,1236922.464,1019477.673,709.892,
NW_138,1236922.443,1019459.150,709.580,
NW_139,1236922.245,1019439.195,709.146,
NW_140,1236922.063,1019418.075,708.736,
NW_141,1236922.329,1019397.576,708.350,
NW_142,1236922.503,1019377.381,708.051,
NW_143,1236922.234,1019365.032,707.862,
NW_144,1236922.187,1019349.687,707.638,
NW_145,1236921.730,1019332.943,707.499,
NW_146,1236909.708,1019332.804,707.609,
NW_147,1236909.598,1019349.516,707.665,
NW_148,1236909.819,1019365.598,707.928,
NW_149,1236909.604,1019383.807,708.138,
NW_150,1236909.618,1019402.069,708.532,
NW_151,1236909.758,1019419.965,708.872,
NW_152,1236909.777,1019437.746,709.161,
NW_153,1236909.761,1019456.713,709.531,
NW_154,1236909.662,1019475.415,709.907,
NW_155,1236909.827,1019494.277,710.417,
NW_156,1236909.768,1019513.226,710.806,
NW_157,1236909.917,1019532.582,710.933,
NW_158,1236909.852,1019547.518,710.869,
NW_159,1236909.665,1019561.948,710.738,
NW_160,1236909.728,1019577.682,710.388,
NW_161,1236909.908,1019595.215,710.240,
NW_162,1236897.098,1019595.704,710.337,
NW_163,1236897.278,1019580.167,710.449,
NW_164,1236897.337,1019562.225,710.707,
NW_165,1236897.208,1019543.437,710.848,
NW_166,1236897.334,1019524.334,710.796,
NW_167,1236896.990,1019503.284,710.475,
NW_168,1236896.867,1019483.892,710.107,
NW_169,1236897.189,1019464.317,709.599,
NW_170,1236896.801,1019445.487,709.200,
NW_171,1236897.140,1019426.450,708.924,
NW_172,1236897.003,1019407.408,708.578,
NW_173,1236897.197,1019388.718,708.316,
NW_174,1236897.188,1019365.913,707.903,
NW_175,1236896.995,1019351.799,707.761,
NW_176,1236896.655,1019333.038,707.520,
NW_177,1236884.242,1019333.187,707.709,
NW_178,1236884.389,1019350.537,707.806,
NW_179,1236884.641,1019365.944,707.965,
NW_180,1236884.724,1019384.725,708.312,
NW_181,1236884.589,1019404.211,708.601,
NW_182,1236884.488,1019422.492,708.998,
NW_183,1236884.877,1019439.693,709.127,
NW_184,1236884.736,1019457.624,709.584,
NW_185,1236885.045,1019475.233,709.849,
NW_186,1236884.660,1019493.725,710.343,
NW_187,1236884.891,1019512.991,710.762,
NW_188,1236885.000,1019533.280,710.921,
NW_189,1236884.649,1019561.351,710.779,
NW_190,1236884.514,1019577.550,710.588,
NW_191,1236883.537,1019595.781,710.307,
NW_192,1236872.791,1019595.933,710.315,
NW_193,1236872.757,1019580.139,710.587,
NW_194,1236872.651,1019562.952,710.765,
NW_195,1236872.505,1019544.032,710.898,
NW_196,1236872.406,1019525.114,710.805,
NW_197,1236872.197,1019505.146,710.435,
NW_198,1236872.306,1019486.026,710.030,
NW_199,1236872.479,1019467.318,709.701,
NW_200,1236872.357,1019447.705,709.255,
NW_201,1236872.316,1019428.223,708.912,
NW_202,1236872.181,1019408.229,708.667,
NW_203,1236872.011,1019387.787,708.393,
NW_204,1236872.283,1019366.167,708.005,
NW_205,1236871.993,1019350.621,707.764,
NW_206,1236871.360,1019332.724,707.720,
NW_207,1236859.832,1019332.916,707.744,
NW_208,1236859.268,1019349.886,707.868,
NW_209,1236859.692,1019366.333,708.143,
NW_210,1236859.542,1019386.881,708.466,
NW_211,1236859.761,1019405.826,708.743,
NW_212,1236859.548,1019424.958,709.046,
NW_213,1236859.586,1019443.363,709.217,
NW_214,1236859.645,1019461.090,709.600,
NW_215,1236859.860,1019480.472,710.007,
NW_216,1236859.636,1019499.821,710.375,
NW_217,1236859.698,1019520.058,710.774,
NW_218,1236860.108,1019538.950,710.881,
NW_219,1236859.570,1019563.295,710.781,
NW_220,1236859.619,1019579.212,710.572,
NW_221,1236858.866,1019594.017,710.495,
NW_222,1236845.531,1019593.780,710.647,
NW_223,1236847.249,1019577.213,710.616,
NW_224,1236847.220,1019562.520,710.838,
NW_225,1236847.092,1019543.031,710.856,
NW_226,1236847.080,1019523.176,710.773,
NW_227,1236846.993,1019505.186,710.462,
NW_228,1236846.966,1019487.339,710.154,
NW_229,1236847.127,1019469.569,709.674,
NW_230,1236846.934,1019450.430,709.358,
NW_231,1236847.291,1019431.296,709.117,
NW_232,1236847.248,1019412.826,708.941,
NW_233,1236847.052,1019394.186,708.545,
NW_234,1236847.170,1019377.864,708.381,
NW_235,1236847.289,1019365.735,708.236,
NW_236,1236846.674,1019352.307,708.098,
NW_237,1236847.310,1019332.989,707.740,
NW_238,1236834.867,1019332.909,707.800,
NW_239,1236834.839,1019349.027,708.002,
NW_240,1236834.907,1019365.411,708.270,
NW_241,1236835.071,1019384.731,708.446,
NW_242,1236834.841,1019403.818,708.735,
NW_243,1236834.894,1019421.209,709.013,
NW_244,1236834.788,1019439.354,709.149,
NW_245,1236834.803,1019457.789,709.517,
NW_246,1236834.971,1019476.787,709.700,
NW_247,1236834.949,1019495.561,710.130,
NW_248,1236834.824,1019514.149,710.581,
NW_249,1236835.002,1019533.985,710.748,
NW_250,1236835.041,1019549.606,710.835,
NW_251,1236834.847,1019566.810,710.609,
NW_252,1236834.484,1019576.998,710.641,
NW_253,1236834.464,1019593.947,710.509,
NW_254,1236822.042,1019593.714,710.143,
NW_255,1236822.529,1019577.927,710.395,
NW_256,1236822.379,1019562.209,710.522,
NW_257,1236822.401,1019545.111,710.631,
NW_258,1236822.323,1019526.738,710.355,
NW_259,1236822.308,1019507.528,710.152,
NW_260,1236822.426,1019489.050,709.823,
NW_261,1236822.364,1019470.284,709.518,
NW_262,1236822.195,1019452.008,709.175,
NW_263,1236822.249,1019432.956,708.913,
NW_264,1236822.255,1019414.220,708.720,
NW_265,1236821.967,1019395.254,708.478,
NW_266,1236822.000,1019382.809,708.340,
NW_267,1236822.032,1019366.388,708.163,
NW_268,1236821.842,1019349.954,707.923,
NW_269,1236821.615,1019332.757,707.804,
NW_270,1236810.604,1019333.084,707.621,
NW_271,1236810.553,1019350.017,707.870,
NW_272,1236810.362,1019366.628,708.168,
NW_273,1236810.378,1019385.518,708.370,
NW_274,1236810.602,1019405.103,708.548,
NW_275,1236810.676,1019425.302,708.826,
NW_276,1236810.396,1019446.116,709.057,
NW_277,1236810.565,1019465.860,709.371,
NW_278,1236810.753,1019486.832,709.648,
NW_279,1236810.910,1019507.071,709.990,
NW_280,1236810.902,1019528.182,710.316,
NW_281,1236811.170,1019544.782,710.415,
NW_282,1236811.256,1019561.549,710.441,
NW_283,1236810.625,1019578.073,710.324,
NW_284,1236809.740,1019593.857,710.233,
NW_285,1236798.710,1019593.637,710.209,
NW_286,1236799.498,1019573.740,710.264,
NW_287,1236799.825,1019553.822,710.482,
NW_288,1236799.796,1019533.491,710.259,
NW_289,1236800.280,1019513.231,709.960,
NW_290,1236800.369,1019493.261,709.644,
NW_291,1236800.481,1019473.926,709.359,
NW_292,1236800.416,1019453.892,709.036,
NW_293,1236800.385,1019434.317,708.917,
NW_294,1236800.146,1019414.083,708.697,
NW_295,1236800.027,1019394.104,708.373,
NW_296,1236800.130,1019374.773,708.210,
NW_297,1236800.174,1019363.924,708.196,
NW_298,1236800.343,1019351.743,708.003,
NW_299,1236800.720,1019333.900,707.855,
GW_1,1236799.441,1019334.832,707.850,
GW_2,1236799.455,1019347.200,708.099,
GW_3,1236799.974,1019360.849,708.229,
GW_4,1236799.438,1019376.668,708.316,
GW_5,1236799.348,1019390.735,708.492,
GW_6,1236799.090,1019405.809,708.616,
GW_7,1236799.266,1019420.669,708.866,
GW_8,1236799.518,1019435.861,709.015,
GW_9,1236799.508,1019450.721,709.170,
GW_10,1236799.228,1019466.780,709.288,
GW_11,1236799.523,1019482.097,709.696,
GW_12,1236799.518,1019497.087,709.869,
GW_13,1236799.364,1019513.716,710.064,
GW_14,1236799.059,1019529.144,710.394,
GW_15,1236799.010,1019545.116,710.456,
GW_16,1236798.546,1019559.551,710.528,
GW_17,1236798.924,1019574.456,710.439,
GW_18,1236798.502,1019591.890,710.305,
GW_19,1236811.401,1019593.491,710.268,
GW_20,1236826.527,1019594.269,710.321,
GW_21,1236841.166,1019595.009,710.649,
GW_22,1236859.361,1019595.513,710.529,
GW_23,1236875.324,1019596.417,710.242,
GW_24,1236890.428,1019597.194,710.208,
GW_25,1236905.774,1019597.065,710.231,
GW_26,1236921.133,1019596.875,710.174,
GW_27,1236936.091,1019596.747,710.060,
GW_28,1236951.954,1019596.612,709.946,
GW_29,1236970.438,1019596.718,709.681,
GW_30,1236984.410,1019596.654,709.498,
GW_31,1236998.658,1019596.150,709.260,
GW_32,1237012.719,1019596.069,709.195,
GW_33,1237027.763,1019595.497,709.245,
GW_34,1237038.313,1019596.161,709.200,
GW_35,1237038.661,1019609.416,708.760,
GW_36,1237037.345,1019623.200,708.839,
GW_37,1237022.470,1019623.198,708.738,
GW_38,1237008.002,1019622.392,709.019,
GW_39,1236994.620,1019621.997,709.202,
GW_40,1236980.143,1019622.097,709.157,
GW_41,1236965.377,1019622.151,709.400,
GW_42,1236950.464,1019622.095,709.496,
GW_43,1236935.064,1019622.311,709.566,
GW_44,1236919.941,1019622.486,709.687,
GW_45,1236904.569,1019622.951,709.784,
GW_46,1236888.675,1019622.812,709.692,
GW_47,1236873.130,1019622.926,709.777,
GW_48,1236857.694,1019623.313,709.821,
GW_49,1236842.678,1019623.032,709.974,
GW_50,1236827.799,1019622.953,709.890,
GW_51,1236813.392,1019623.193,709.860,
GW_52,1236798.073,1019622.763,709.982,
GW_53,1236783.289,1019622.376,710.121,
GW_54,1236768.882,1019622.662,710.139,
GW_55,1236753.516,1019622.614,710.215,
GW_56,1236737.968,1019622.808,710.163,
GW_57,1236722.543,1019622.794,710.158,
GW_58,1236707.555,1019622.649,710.150,
GW_59,1236692.182,1019622.664,710.113,
GW_60,1236676.502,1019622.852,710.056,
GW_61,1236661.412,1019623.138,710.087,
GW_62,1236646.174,1019622.767,709.964,
GW_63,1236629.912,1019622.615,710.007,
GW_64,1236615.210,1019622.582,709.847,
GW_65,1236600.176,1019622.571,709.735,
GW_66,1236585.366,1019622.148,709.791,
GW_67,1236569.971,1019622.845,709.721,
GW_68,1236554.253,1019622.497,709.731,
GW_69,1236530.881,1019621.602,709.821,
GW_70,1236530.868,1019607.744,709.758,
GW_71,1236546.986,1019606.577,709.658,
GW_72,1236561.709,1019606.237,709.617,
GW_73,1236576.473,1019605.851,709.537,
GW_74,1236591.866,1019606.137,709.535,
GW_75,1236606.306,1019606.555,709.678,
GW_76,1236620.997,1019606.403,709.737,
GW_77,1236636.361,1019606.520,709.799,
GW_78,1236651.323,1019606.783,709.881,
GW_79,1236665.458,1019607.085,709.937,
GW_80,1236681.394,1019608.101,710.030,
GW_81,1236696.710,1019608.168,710.074,
GW_82,1236711.271,1019608.464,710.152,
GW_83,1236726.762,1019608.822,710.147,
GW_84,1236742.067,1019608.713,710.195,
GW_85,1236756.849,1019609.403,710.095,
GW_86,1236769.249,1019610.308,710.026,
GW_87,1236784.768,1019610.595,709.982,
GW_88,1236799.320,1019610.830,709.968,
GW_89,1236814.531,1019610.501,709.983,
GW_90,1236829.356,1019610.519,710.116,
GW_91,1236844.945,1019610.413,710.297,
GW_92,1236860.138,1019610.785,710.171,
GW_93,1236874.940,1019610.838,710.014,
GW_94,1236889.531,1019611.426,709.974,
GW_95,1236904.922,1019610.886,709.916,
GW_96,1236919.672,1019610.488,709.928,
GW_97,1236934.680,1019610.376,709.791,
GW_98,1236949.931,1019609.879,709.566,
GW_99,1236964.992,1019609.991,709.470,
GW_100,1236979.716,1019609.700,709.318,
GW_101,1236994.264,1019609.189,709.166,
GW_102,1237009.274,1019608.610,709.067,
GW_103,1237023.877,1019608.160,709.017,
GW_104,1237038.470,1019607.704,708.854,
GW_105,1236530.850,1019591.401,709.490,
GW_106,1236546.017,1019591.995,709.510,
GW_107,1236561.260,1019592.296,709.442,
GW_108,1236576.587,1019593.066,709.555,
GW_109,1236591.761,1019592.760,709.468,
GW_110,1236607.301,1019592.950,709.676,
GW_111,1236622.631,1019592.940,709.837,
GW_112,1236638.300,1019593.314,709.979,
GW_113,1236653.850,1019593.582,710.045,
GW_114,1236669.085,1019593.522,710.034,
GW_115,1236683.936,1019593.890,710.134,
GW_116,1236699.011,1019594.411,710.242,
GW_117,1236714.295,1019594.449,710.230,
GW_118,1236727.952,1019594.447,710.356,
GW_119,1236741.767,1019594.867,710.377,
GW_120,1236756.835,1019594.489,710.224,
GW_121,1236770.138,1019594.561,710.309,
GW_122,1236769.409,1019579.050,710.152,
GW_123,1236769.766,1019563.711,710.259,
GW_124,1236769.634,1019550.373,710.213,
GW_125,1236769.486,1019535.493,710.097,
GW_126,1236769.411,1019522.351,709.943,
GW_127,1236769.148,1019509.500,709.714,
GW_128,1236768.876,1019496.370,709.538,
GW_129,1236768.624,1019482.758,709.294,
GW_130,1236768.325,1019469.932,709.071,
GW_131,1236768.761,1019456.885,709.061,
GW_132,1236768.366,1019442.580,708.913,
GW_133,1236768.367,1019428.103,708.816,
GW_134,1236768.416,1019414.490,708.731,
GW_135,1236768.302,1019400.740,708.683,
GW_136,1236768.198,1019386.491,708.550,
GW_137,1236768.345,1019373.200,708.400,
GW_138,1236768.186,1019359.585,708.158,
GW_139,1236768.539,1019346.208,708.086,
GW_140,1236768.842,1019333.370,707.749,
GW_141,1236784.843,1019333.435,707.712,
GW_142,1236784.151,1019347.662,707.837,
GW_143,1236784.195,1019359.159,707.954,
GW_144,1236784.440,1019373.723,708.108,
GW_145,1236784.329,1019388.572,708.221,
GW_146,1236784.117,1019403.049,708.375,
GW_147,1236784.398,1019417.465,708.540,
GW_148,1236783.833,1019431.523,708.699,
GW_149,1236784.022,1019446.019,708.845,
GW_150,1236784.428,1019460.503,708.993,
GW_151,1236784.285,1019475.108,709.302,
GW_152,1236784.342,1019488.707,709.445,
GW_153,1236784.448,1019503.270,709.710,
GW_154,1236784.739,1019517.329,709.967,
GW_155,1236784.935,1019531.859,710.113,
GW_156,1236784.927,1019546.725,710.200,
GW_157,1236784.794,1019561.590,710.281,
GW_158,1236784.741,1019575.140,710.211,
GW_159,1236785.343,1019593.794,710.168,
SE_0,1236784.963,1019623.437,710.135,
SE_1,1236784.912,1019635.795,709.973,
SE_2,1236784.888,1019649.130,709.818,
SE_3,1236784.754,1019662.024,709.657,
SE_4,1236784.558,1019676.140,709.618,
SE_5,1236784.998,1019690.287,709.454,
SE_6,1236784.458,1019704.486,709.382,
SE_7,1236784.164,1019718.515,709.210,
SE_8,1236784.126,1019732.193,709.209,
SE_9,1236783.622,1019746.461,709.159,
SE_10,1236784.017,1019760.459,709.072,
SE_11,1236783.691,1019774.600,709.093,
SE_12,1236783.303,1019788.856,709.104,
SE_13,1236782.915,1019802.562,709.192,
SE_14,1236782.999,1019817.170,709.333,
SE_15,1236782.634,1019831.775,709.597,
SE_16,1236782.545,1019846.131,709.711,
SE_17,1236782.395,1019866.305,709.893,
SE_18,1236769.294,1019866.011,709.923,
SE_19,1236768.588,1019851.410,709.849,
SE_20,1236768.707,1019836.754,709.650,
SE_21,1236768.514,1019821.580,709.429,
SE_22,1236768.904,1019807.418,709.219,
SE_23,1236768.575,1019791.848,709.184,
SE_24,1236768.727,1019777.553,709.067,
SE_25,1236768.761,1019762.482,708.960,
SE_26,1236768.724,1019748.596,709.076,
SE_27,1236768.603,1019733.843,709.164,
SE_28,1236768.649,1019719.413,709.201,
SE_29,1236768.574,1019704.609,709.268,
SE_30,1236768.246,1019689.512,709.454,
SE_31,1236768.444,1019674.389,709.585,
SE_32,1236768.419,1019659.252,709.650,
SE_33,1236768.036,1019644.239,709.751,
SE_34,1236767.867,1019629.456,709.864,
SE_35,1236767.967,1019623.116,709.994,
SE_36,1236755.620,1019623.219,710.081,
SE_37,1236755.733,1019636.667,709.948,
SE_38,1236755.471,1019651.077,709.799,
SE_39,1236755.892,1019665.512,709.685,
SE_40,1236755.909,1019679.813,709.630,
SE_41,1236755.941,1019694.691,709.426,
SE_42,1236755.920,1019709.942,709.288,
SE_43,1236755.997,1019725.018,709.228,
SE_44,1236756.035,1019740.659,709.130,
SE_45,1236756.262,1019755.706,709.082,
SE_46,1236755.898,1019770.847,709.104,
SE_47,1236755.944,1019786.237,709.112,
SE_48,1236755.994,1019801.376,709.225,
SE_49,1236756.080,1019816.798,709.321,
SE_50,1236756.130,1019831.168,709.564,
SE_51,1236756.049,1019845.561,709.780,
SE_52,1236756.024,1019865.506,710.142,
SE_53,1236741.364,1019865.351,710.258,
SE_54,1236741.167,1019850.191,710.056,
SE_55,1236741.461,1019835.156,709.781,
SE_56,1236741.321,1019818.924,709.518,
SE_57,1236741.151,1019803.272,709.274,
SE_58,1236741.336,1019788.115,709.229,
SE_59,1236740.961,1019772.994,709.092,
SE_60,1236741.263,1019758.196,709.087,
SE_61,1236740.926,1019742.795,709.164,
SE_62,1236741.103,1019727.326,709.282,
SE_63,1236741.114,1019711.578,709.440,
SE_64,1236741.179,1019695.273,709.554,
SE_65,1236741.144,1019679.005,709.716,
SE_66,1236741.166,1019663.411,709.890,
SE_67,1236740.994,1019647.001,709.871,
SE_68,1236740.836,1019631.436,710.246,
SE_69,1236740.665,1019623.318,710.194,
SE_70,1236725.518,1019623.598,710.122,
SE_71,1236725.527,1019638.321,710.014,
SE_72,1236725.699,1019653.797,709.999,
SE_73,1236725.810,1019669.519,709.824,
SE_74,1236725.897,1019684.530,709.724,
SE_75,1236726.077,1019698.142,709.595,
SE_76,1236726.015,1019713.231,709.375,
SE_77,1236725.806,1019727.992,709.206,
SE_78,1236726.005,1019743.237,709.132,
SE_79,1236726.063,1019758.448,709.074,
SE_80,1236725.988,1019773.755,709.090,
SE_81,1236726.198,1019787.906,709.139,
SE_82,1236726.208,1019803.361,709.270,
SE_83,1236726.067,1019818.246,709.438,
SE_84,1236726.024,1019833.920,709.689,
SE_85,1236725.726,1019848.979,710.142,
SE_86,1236725.259,1019865.437,710.389,
SE_87,1236711.059,1019865.422,710.414,
SE_88,1236711.057,1019847.654,710.077,
SE_89,1236711.357,1019832.586,709.843,
SE_90,1236711.339,1019816.830,709.577,
SE_91,1236711.198,1019800.927,709.332,
SE_92,1236711.097,1019785.260,709.202,
SE_93,1236711.214,1019769.682,709.179,
SE_94,1236711.212,1019753.949,709.186,
SE_95,1236711.254,1019738.276,709.236,
SE_96,1236711.273,1019738.309,709.212,
SE_97,1236710.871,1019723.411,709.399,
SE_98,1236710.695,1019707.863,709.534,
SE_99,1236710.512,1019690.301,709.693,
SE_100,1236710.423,1019672.300,709.912,
SE_101,1236710.754,1019655.087,709.995,
SE_102,1236710.062,1019636.607,710.132,
SE_103,1236709.555,1019623.100,710.144,
SE_104,1236693.701,1019624.327,710.100,
SE_105,1236693.972,1019642.955,709.900,
SE_106,1236693.280,1019661.687,709.923,
SE_107,1236693.436,1019679.890,709.821,
SE_108,1236693.565,1019697.491,709.535,
SE_109,1236693.531,1019716.189,709.299,
SE_110,1236693.355,1019735.679,709.072,
SE_111,1236693.446,1019753.384,709.046,
SE_112,1236693.618,1019771.126,709.001,
SE_113,1236693.818,1019789.568,709.099,
SE_114,1236694.117,1019807.957,709.245,
SE_115,1236693.637,1019826.351,709.537,
SE_116,1236693.777,1019843.996,709.872,
SE_117,1236693.451,1019863.546,710.346,
SE_118,1236675.901,1019862.596,710.183,
SE_119,1236676.196,1019846.206,709.721,
SE_120,1236676.068,1019825.001,709.385,
SE_121,1236676.066,1019804.335,709.207,
SE_122,1236676.188,1019782.227,709.031,
SE_123,1236676.514,1019762.402,709.022,
SE_124,1236676.411,1019742.927,709.165,
SE_125,1236676.588,1019723.937,709.285,
SE_126,1236676.156,1019703.820,709.511,
SE_127,1236676.283,1019682.778,709.771,
SE_128,1236676.435,1019662.958,709.985,
SE_129,1236676.753,1019642.440,710.030,
SE_130,1236676.106,1019623.065,710.008,
SE_131,1236658.535,1019623.738,709.983,
SE_132,1236658.494,1019642.886,709.902,
SE_133,1236658.806,1019662.127,709.901,
SE_134,1236659.178,1019681.436,709.730,
SE_135,1236659.095,1019701.399,709.441,
SE_136,1236658.649,1019721.149,709.263,
SE_137,1236659.004,1019739.544,709.064,
SE_138,1236659.179,1019758.245,709.027,
SE_139,1236658.594,1019777.254,708.971,
SE_140,1236658.586,1019797.399,709.033,
SE_141,1236659.216,1019817.236,709.259,
SE_142,1236659.440,1019835.637,709.523,
SE_143,1236659.536,1019854.059,709.722,
SE_144,1236659.122,1019864.042,709.955,
SE_145,1236638.399,1019863.104,709.801,
SE_146,1236638.734,1019845.362,709.634,
SE_147,1236639.124,1019826.261,709.362,
SE_148,1236639.230,1019805.911,709.161,
SE_149,1236639.766,1019786.094,708.977,
SE_150,1236639.718,1019763.300,709.073,
SE_151,1236639.297,1019743.509,709.056,
SE_152,1236639.270,1019723.001,709.296,
SE_153,1236639.291,1019702.133,709.564,
SE_154,1236639.213,1019681.684,709.732,
SE_155,1236639.251,1019660.786,709.984,
SE_156,1236638.862,1019640.584,709.927,
SE_157,1236638.215,1019623.196,709.890,
SE_158,1236619.077,1019624.556,709.757,
SE_159,1236619.121,1019643.337,709.796,
SE_160,1236618.954,1019660.850,709.788,
SE_161,1236619.246,1019679.188,709.688,
SE_162,1236619.059,1019698.238,709.475,
SE_163,1236619.227,1019717.867,709.244,
SE_164,1236619.643,1019736.878,709.116,
SE_165,1236619.427,1019756.230,708.916,
SE_166,1236619.441,1019775.962,708.863,
SE_167,1236619.701,1019795.364,708.885,
SE_168,1236618.940,1019813.724,708.993,
SE_169,1236619.004,1019832.279,709.096,
SE_170,1236619.530,1019850.875,709.348,
SE_171,1236617.989,1019863.591,709.535,
SE_172,1236599.022,1019866.119,709.244,
SE_173,1236599.020,1019848.243,709.017,
SE_174,1236598.646,1019832.773,708.981,
SE_175,1236598.576,1019817.593,708.861,
SE_176,1236597.842,1019798.120,708.804,
SE_177,1236598.454,1019782.650,708.767,
SE_178,1236598.335,1019766.399,708.783,
SE_179,1236598.266,1019750.601,708.851,
SE_180,1236598.208,1019734.782,708.999,
SE_181,1236598.577,1019719.138,709.161,
SE_182,1236598.396,1019704.386,709.283,
SE_183,1236598.252,1019688.840,709.431,
SE_184,1236598.436,1019672.518,709.650,
SE_185,1236597.793,1019657.237,709.742,
SE_186,1236597.970,1019641.414,709.719,
SE_187,1236597.251,1019623.603,709.670,
SE_188,1236583.100,1019623.645,709.651,
SE_189,1236583.394,1019638.461,709.582,
SE_190,1236583.396,1019653.792,709.633,
SE_191,1236583.434,1019668.567,709.597,
SE_192,1236583.705,1019683.723,709.343,
SE_193,1236583.647,1019699.553,709.076,
SE_194,1236583.724,1019714.093,708.923,
SE_195,1236583.885,1019729.108,708.820,
SE_196,1236583.713,1019744.058,708.701,
SE_197,1236583.443,1019759.058,708.695,
SE_198,1236583.479,1019775.020,708.614,
SE_199,1236583.524,1019790.673,708.582,
SE_200,1236583.631,1019806.351,708.532,
SE_201,1236583.588,1019821.647,708.655,
SE_202,1236583.587,1019837.489,708.682,
SE_203,1236582.800,1019852.803,708.823,
SE_204,1236582.086,1019866.078,708.971,
SE_205,1236565.931,1019866.028,708.921,
SE_206,1236565.711,1019851.039,708.812,
SE_207,1236565.784,1019834.252,708.846,
SE_208,1236566.230,1019817.497,708.664,
SE_209,1236566.048,1019801.209,708.557,
SE_210,1236566.099,1019784.079,708.516,
SE_211,1236566.330,1019767.866,708.571,
SE_212,1236565.945,1019751.652,708.663,
SE_213,1236566.004,1019736.142,708.859,
SE_214,1236566.143,1019720.315,709.007,
SE_215,1236565.808,1019703.632,709.225,
SE_216,1236565.897,1019688.582,709.439,
SE_217,1236565.841,1019673.622,709.567,
SE_218,1236565.624,1019657.487,709.644,
SE_219,1236565.068,1019640.495,709.700,
SE_220,1236565.294,1019623.935,709.650,
SE_221,1236549.468,1019622.961,709.746,
SE_222,1236548.669,1019637.672,709.694,
SE_223,1236548.482,1019653.248,709.744,
SE_224,1236547.876,1019668.551,709.703,
SE_225,1236547.773,1019683.990,709.563,
SE_226,1236547.759,1019699.194,709.400,
SE_227,1236547.777,1019715.159,709.177,
SE_228,1236547.981,1019730.779,709.006,
SE_229,1236547.688,1019746.696,708.836,
SE_230,1236547.451,1019761.756,708.706,
SE_231,1236547.572,1019776.724,708.648,
SE_232,1236547.420,1019791.746,708.571,
SE_233,1236547.235,1019807.006,708.580,
SE_234,1236546.820,1019822.086,708.719,
SE_235,1236545.979,1019837.752,708.729,
SE_236,1236545.813,1019852.864,708.834,
SE_237,1236545.474,1019866.207,708.919,
SE_238,1236530.907,1019865.011,708.953,
SE_239,1236530.890,1019848.969,708.789,
SE_240,1236531.102,1019833.548,708.745,
SE_241,1236530.796,1019818.778,708.758,
SE_242,1236530.517,1019804.362,708.683,
SE_243,1236530.828,1019789.466,708.775,
SE_244,1236531.004,1019773.837,708.898,
SE_245,1236531.014,1019759.229,708.934,
SE_246,1236530.938,1019743.503,709.075,
SE_247,1236530.947,1019728.388,709.324,
SE_248,1236530.916,1019713.005,709.441,
SE_249,1236530.821,1019696.789,709.622,
SE_250,1236530.439,1019681.964,709.816,
SE_251,1236530.636,1019666.612,709.828,
SE_252,1236530.878,1019651.672,709.923,
SE_253,1236530.996,1019635.932,709.959,
SE_254,1236530.899,1019622.116,709.876,
SW_0,1236768.827,1019333.406,707.717,
SW_1,1236769.055,1019345.728,708.106,
SW_2,1236768.434,1019358.590,708.180,
SW_3,1236768.307,1019371.899,708.329,
SW_4,1236768.073,1019385.024,708.524,
SW_5,1236768.047,1019397.588,708.593,
SW_6,1236768.348,1019410.173,708.663,
SW_7,1236768.165,1019423.078,708.744,
SW_8,1236768.618,1019436.332,708.773,
SW_9,1236768.819,1019450.351,708.952,
SW_10,1236768.510,1019463.924,709.045,
SW_11,1236768.603,1019477.239,709.196,
SW_12,1236768.476,1019490.320,709.377,
SW_13,1236768.941,1019502.903,709.534,
SW_14,1236768.931,1019515.554,709.751,
SW_15,1236768.973,1019527.986,710.027,
SW_16,1236768.980,1019541.530,710.200,
SW_17,1236769.196,1019555.719,710.167,
SW_18,1236769.157,1019570.086,710.239,
SW_19,1236769.248,1019583.720,710.185,
SW_20,1236769.434,1019593.666,710.197,
SW_21,1236755.695,1019594.339,710.240,
SW_22,1236755.766,1019580.719,710.152,
SW_23,1236755.733,1019567.475,710.209,
SW_24,1236755.388,1019555.923,710.148,
SW_25,1236754.870,1019544.392,710.086,
SW_26,1236754.935,1019532.629,709.994,
SW_27,1236754.797,1019519.651,709.761,
SW_28,1236755.171,1019505.711,709.569,
SW_29,1236755.220,1019492.623,709.387,
SW_30,1236755.029,1019479.683,709.278,
SW_31,1236755.320,1019465.469,709.156,
SW_32,1236755.558,1019451.557,709.068,
SW_33,1236755.090,1019437.814,708.853,
SW_34,1236755.378,1019424.654,708.772,
SW_35,1236755.436,1019410.319,708.728,
SW_36,1236755.580,1019396.390,708.656,
SW_37,1236755.394,1019380.691,708.449,
SW_38,1236755.249,1019365.617,708.438,
SW_39,1236755.337,1019350.308,708.288,
SW_40,1236754.164,1019333.021,707.905,
SW_41,1236739.367,1019333.173,708.005,
SW_42,1236739.880,1019348.831,708.235,
SW_43,1236739.620,1019364.275,708.384,
SW_44,1236739.499,1019379.583,708.499,
SW_45,1236739.442,1019396.569,708.615,
SW_46,1236739.763,1019412.359,708.754,
SW_47,1236739.428,1019430.213,708.760,
SW_48,1236739.313,1019445.972,708.964,
SW_49,1236739.432,1019461.247,709.109,
SW_50,1236739.321,1019479.694,709.245,
SW_51,1236739.699,1019497.171,709.390,
SW_52,1236739.245,1019513.174,709.692,
SW_53,1236739.397,1019531.718,709.872,
SW_54,1236738.726,1019548.209,709.982,
SW_55,1236737.767,1019565.540,710.058,
SW_56,1236737.706,1019582.217,710.187,
SW_57,1236737.499,1019594.292,710.284,
SW_58,1236719.431,1019592.572,710.151,
SW_59,1236719.713,1019575.830,710.030,
SW_60,1236719.761,1019559.797,710.064,
SW_61,1236720.671,1019543.700,709.765,
SW_62,1236720.821,1019527.414,709.657,
SW_63,1236721.140,1019509.955,709.419,
SW_64,1236721.016,1019490.857,709.269,
SW_65,1236720.820,1019471.690,709.065,
SW_66,1236721.206,1019453.256,708.969,
SW_67,1236721.305,1019434.009,708.941,
SW_68,1236721.472,1019414.995,708.760,
SW_69,1236721.777,1019398.155,708.751,
SW_70,1236722.432,1019381.289,708.672,
SW_71,1236723.017,1019360.378,708.438,
SW_72,1236723.464,1019345.092,708.355,
SW_73,1236723.482,1019330.825,708.144,
SW_74,1236706.924,1019332.052,708.335,
SW_75,1236707.198,1019350.880,708.567,
SW_76,1236707.234,1019369.715,708.870,
SW_77,1236707.066,1019386.583,708.868,
SW_78,1236706.700,1019404.388,708.848,
SW_79,1236706.776,1019423.527,708.912,
SW_80,1236706.677,1019442.479,708.958,
SW_81,1236706.788,1019460.958,708.921,
SW_82,1236706.827,1019479.416,709.085,
SW_83,1236707.042,1019497.582,709.263,
SW_84,1236707.104,1019516.136,709.389,
SW_85,1236706.373,1019535.269,709.642,
SW_86,1236706.102,1019554.214,709.925,
SW_87,1236706.177,1019573.119,709.987,
SW_88,1236705.661,1019593.252,710.107,
SW_89,1236687.298,1019592.292,709.984,
SW_90,1236687.712,1019573.645,709.866,
SW_91,1236687.310,1019554.363,709.675,
SW_92,1236686.585,1019536.050,709.632,
SW_93,1236686.209,1019517.598,709.349,
SW_94,1236686.383,1019500.466,709.282,
SW_95,1236686.476,1019483.719,709.073,
SW_96,1236686.327,1019467.038,709.075,
SW_97,1236686.521,1019450.592,709.047,
SW_98,1236686.528,1019434.091,709.031,
SW_99,1236686.530,1019416.881,709.075,
SW_100,1236686.754,1019399.977,709.111,
SW_101,1236686.639,1019381.751,709.025,
SW_102,1236686.557,1019363.919,709.202,
SW_103,1236686.748,1019346.508,709.083,
SW_104,1236686.604,1019330.327,708.828,
SW_105,1236672.099,1019332.965,708.960,
SW_106,1236672.203,1019350.666,709.032,
SW_107,1236672.408,1019367.501,709.146,
SW_108,1236671.872,1019384.424,709.060,
SW_109,1236672.070,1019400.687,709.145,
SW_110,1236672.120,1019417.063,709.018,
SW_111,1236671.893,1019433.677,709.047,
SW_112,1236671.795,1019450.517,709.054,
SW_113,1236672.049,1019467.750,709.085,
SW_114,1236671.689,1019485.107,709.077,
SW_115,1236672.361,1019502.744,709.105,
SW_116,1236672.323,1019520.519,709.212,
SW_117,1236672.063,1019538.214,709.414,
SW_118,1236672.016,1019554.760,709.576,
SW_119,1236673.236,1019572.102,709.738,
SW_120,1236673.071,1019588.282,709.723,
SW_121,1236672.448,1019592.722,709.882,
SW_122,1236654.717,1019591.148,709.707,
SW_123,1236654.416,1019575.326,709.497,
SW_124,1236654.994,1019558.669,709.475,
SW_125,1236654.521,1019542.350,709.247,
SW_126,1236654.139,1019524.350,709.213,
SW_127,1236654.056,1019507.306,709.143,
SW_128,1236653.946,1019489.222,709.053,
SW_129,1236653.801,1019470.631,709.068,
SW_130,1236654.235,1019451.918,709.051,
SW_131,1236654.304,1019434.842,709.073,
SW_132,1236654.264,1019417.591,709.162,
SW_133,1236654.676,1019398.627,709.145,
SW_134,1236654.486,1019381.037,709.208,
SW_135,1236654.629,1019363.187,709.263,
SW_136,1236654.565,1019345.634,709.205,
SW_137,1236654.378,1019333.319,709.171,
SW_138,1236636.872,1019335.027,709.346,
SW_139,1236637.208,1019351.975,709.461,
SW_140,1236637.445,1019368.766,709.414,
SW_141,1236638.174,1019386.375,709.382,
SW_142,1236638.929,1019405.179,709.351,
SW_143,1236639.681,1019421.502,709.275,
SW_144,1236639.918,1019439.702,709.189,
SW_145,1236640.305,1019458.032,709.154,
SW_146,1236640.960,1019474.908,709.121,
SW_147,1236641.063,1019493.223,709.081,
SW_148,1236641.653,1019510.218,709.035,
SW_149,1236641.805,1019528.205,709.279,
SW_150,1236642.020,1019545.775,709.212,
SW_151,1236642.258,1019562.674,709.361,
SW_152,1236642.245,1019580.271,709.543,
SW_153,1236641.389,1019591.084,709.702,
SW_154,1236624.983,1019590.249,709.688,
SW_155,1236625.256,1019572.924,709.377,
SW_156,1236625.441,1019555.921,709.335,
SW_157,1236624.957,1019538.962,709.144,
SW_158,1236625.108,1019522.200,709.236,
SW_159,1236624.347,1019505.046,709.078,
SW_160,1236623.641,1019487.437,709.055,
SW_161,1236622.426,1019470.885,709.050,
SW_162,1236623.249,1019454.052,709.141,
SW_163,1236623.895,1019436.891,709.171,
SW_164,1236623.650,1019420.038,709.242,
SW_165,1236623.014,1019402.289,709.350,
SW_166,1236622.849,1019385.502,709.512,
SW_167,1236622.433,1019367.724,709.460,
SW_168,1236621.831,1019350.863,709.281,
SW_169,1236620.398,1019333.533,709.276,
SW_170,1236604.643,1019335.815,709.109,
SW_171,1236605.123,1019353.882,709.391,
SW_172,1236605.731,1019371.940,709.392,
SW_173,1236605.930,1019389.156,709.407,
SW_174,1236606.182,1019405.963,709.330,
SW_175,1236606.304,1019423.269,709.182,
SW_176,1236606.685,1019439.883,709.059,
SW_177,1236607.267,1019457.281,709.064,
SW_178,1236607.502,1019475.406,708.972,
SW_179,1236608.357,1019493.446,708.924,
SW_180,1236608.802,1019511.033,709.003,
SW_181,1236609.325,1019527.968,709.120,
SW_182,1236609.345,1019544.987,709.078,
SW_183,1236609.579,1019562.435,709.133,
SW_184,1236609.281,1019578.933,709.355,
SW_185,1236608.427,1019590.792,709.555,
SW_186,1236591.133,1019589.766,709.406,
SW_187,1236591.232,1019571.785,709.165,
SW_188,1236590.712,1019555.100,709.001,
SW_189,1236590.483,1019538.664,708.889,
SW_190,1236590.518,1019521.063,708.936,
SW_191,1236590.149,1019503.993,708.929,
SW_192,1236589.844,1019486.398,708.879,
SW_193,1236588.892,1019468.279,709.053,
SW_194,1236589.038,1019450.132,709.134,
SW_195,1236589.419,1019432.133,709.077,
SW_196,1236589.331,1019416.245,709.133,
SW_197,1236589.496,1019398.930,709.310,
SW_198,1236589.653,1019382.105,709.433,
SW_199,1236589.557,1019365.610,709.386,
SW_200,1236589.070,1019350.196,709.366,
SW_201,1236588.947,1019334.015,708.997,
SW_202,1236573.433,1019335.608,709.019,
SW_203,1236573.600,1019353.000,709.219,
SW_204,1236573.426,1019370.172,709.331,
SW_205,1236573.370,1019386.422,709.421,
SW_206,1236573.735,1019403.923,709.198,
SW_207,1236574.047,1019421.801,709.082,
SW_208,1236573.756,1019439.426,709.148,
SW_209,1236573.815,1019456.332,708.983,
SW_210,1236574.181,1019474.314,708.975,
SW_211,1236574.394,1019491.629,708.974,
SW_212,1236574.972,1019508.668,708.981,
SW_213,1236575.394,1019526.410,708.882,
SW_214,1236576.083,1019542.808,709.040,
SW_215,1236576.378,1019559.297,709.106,
SW_216,1236576.568,1019575.782,709.153,
SW_217,1236576.730,1019589.512,709.324,
SW_218,1236560.320,1019588.643,709.187,
SW_219,1236560.117,1019571.422,709.375,
SW_220,1236560.250,1019553.284,709.022,
SW_221,1236560.018,1019536.278,708.974,
SW_222,1236560.401,1019518.766,708.991,
SW_223,1236559.855,1019501.265,709.020,
SW_224,1236559.562,1019483.540,708.896,
SW_225,1236560.033,1019466.134,709.007,
SW_226,1236558.335,1019447.474,709.125,
SW_227,1236559.004,1019430.659,709.129,
SW_228,1236558.847,1019414.068,709.157,
SW_229,1236558.699,1019396.055,709.371,
SW_230,1236558.742,1019377.065,709.346,
SW_231,1236558.763,1019358.513,709.296,
SW_232,1236558.857,1019343.459,709.171,
SW_233,1236558.137,1019333.730,709.103,
SW_234,1236543.527,1019335.642,708.997,
SW_235,1236543.406,1019352.858,709.175,
SW_236,1236543.120,1019369.023,709.191,
SW_237,1236543.251,1019386.962,709.233,
SW_238,1236543.260,1019404.783,709.199,
SW_239,1236543.505,1019422.014,709.119,
SW_240,1236543.454,1019439.058,709.128,
SW_241,1236543.477,1019456.127,709.145,
SW_242,1236543.504,1019473.308,708.987,
SW_243,1236543.309,1019491.139,709.138,
SW_244,1236543.411,1019510.520,709.060,
SW_245,1236543.388,1019527.727,708.970,
SW_246,1236543.484,1019544.726,709.105,
SW_247,1236543.953,1019561.500,709.106,
SW_248,1236544.464,1019576.237,709.336,
SW_249,1236544.115,1019589.531,709.393,
SW_250,1236532.997,1019588.559,709.478,
SW_251,1236533.106,1019571.828,709.451,
SW_252,1236532.293,1019559.524,709.670,
SW_253,1236532.057,1019542.867,709.177,
SW_254,1236531.100,1019529.804,709.199,
SW_255,1236531.738,1019515.117,709.130,
SW_256,1236531.311,1019500.545,709.246,
SW_257,1236531.447,1019485.147,709.254,
SW_258,1236532.161,1019472.242,709.139,
SW_259,1236531.449,1019455.393,709.182,
SW_260,1236531.501,1019438.942,709.292,
SW_261,1236531.161,1019422.723,709.222,
SW_262,1236531.404,1019405.510,709.207,
SW_263,1236530.628,1019387.563,709.191,
SW_264,1236530.777,1019372.483,709.243,
SW_265,1236531.525,1019355.934,709.191,
SW_266,1236532.066,1019341.148,708.989,
SW_267,1236532.543,1019333.285,708.942,
